"Table Name","Shortened table name","Column Name","Column Description"
"mtech-daas-unified-data.transaction.com_traffic_txn_day_fact","com_traffic_txn_day_fact","greg_dt","Transaction Date - Date on which a COM transaction is made"
"mtech-daas-unified-data.transaction.com_traffic_txn_day_fact","com_traffic_txn_day_fact","dmd_traffic","Demand Traffic - Current year COM Traffic for <customer>'s & BLM , based on unique session id's. No traffic for Big Ticket/Furniture gallery stores."
"mtech-daas-unified-data.transaction.com_traffic_txn_day_fact","com_traffic_txn_day_fact","dmd_traffic_ly","Demand Traffic for Previous Year - Previous year COM Traffic for <customer>'s & BLM , based on unique session id's. No traffic for Big Ticket/Furniture gallery stores."
"mtech-daas-unified-data.transaction.com_traffic_txn_day_fact","com_traffic_txn_day_fact","dmd_txn","Demand Transaction - Current year COM Transactions for <customer>'s & BLM , based on unique reservation numbers. This contains Small ticket and big ticket transactions. ESEND transactions are excluded from COM transactions."
"mtech-daas-unified-data.transaction.com_traffic_txn_day_fact","com_traffic_txn_day_fact","dmd_txn_ly","Demand Transaction for Previous Year - Previous year COM Transactions for <customer>'s & BLM , based on unique reservation numbers. This contains Small ticket and big ticket transactions. ESEND transactions are excluded from COM transactions."
"mtech-daas-unified-data.transaction.com_traffic_txn_day_fact","com_traffic_txn_day_fact","dmd_traffic_pln_olm","Demand Traffic Plans for Owned, Leased and Marketplace - Plan for COM traffic. 
<customer>'s plans daily COM traffic.
Bloomingdale's COM traffic plans equals  its equivalent  forecasted amount."
"mtech-daas-unified-data.transaction.com_traffic_txn_day_fact","com_traffic_txn_day_fact","dmd_txn_pln_olm","Demand Transaction Plans for Owned, Leased and Marketplace - Plan  for COM transaction.This is inclusive of Big Ticket.
<customer>'s plans COM transactions daily.
Bloomingdale's COM transactions plans equals its equivalent forecasted amount."
"mtech-daas-unified-data.transaction.com_traffic_txn_day_fact","com_traffic_txn_day_fact","dmd_txn_pln_bt","Demand Transaction Plan for Big Ticket - Plan for COM Big ticket (BT) transactions .
<customer>'s plans COM Big ticket transactions  daily.
Bloomingdale's do not plan COM Big ticket transactions."
"mtech-daas-unified-data.transaction.com_traffic_txn_day_fact","com_traffic_txn_day_fact","dmd_traffic_rof_olm","Demand Traffic Forecast for Owned, Leased and Marketplace - Forecast for COM traffic."
"mtech-daas-unified-data.transaction.com_traffic_txn_day_fact","com_traffic_txn_day_fact","dmd_txn_rof_olm","Demand Transaction Forecast for Owned, Leased and Marketplace - Forecast forCOM transaction.This is inclusive of Big Ticket."
"mtech-daas-unified-data.transaction.com_traffic_txn_day_fact","com_traffic_txn_day_fact","dmd_txn_rof_bt","Demand Transaction Forecast for Big Ticket - Forecast for COM Big ticket (BT)
MCY forecast  COM transaction for Big Ticket
BLM do not have  COM transaction forecast for Big ticket."
"mtech-daas-unified-data.transaction.com_traffic_txn_day_fact","com_traffic_txn_day_fact","divn_nbr","Division Number - Operating division number"
"mtech-daas-unified-data.transaction.sls_prod_loc_day_txn_fact","sls_prod_loc_day_txn_fact","stt_rgstr_loc_dim_id","A dimension of STT, Register number, and LOC_DIM_ID : A dimension assigned to provide part of a unique key, used to later join various detailed sales tables. The STT_REG_LOC_DIM_ID represents the ringing/ Fulfillment  location for a dot com sale, and represents the physical location for a store ('bricks') sale transaction..The intersection where product on the salescheck was fulfilled - 1) STT-Store Terminal Transaction ID. Store transaction has a DSTT number  2) For .com transaction, a DSTT(Date Store Terminal Transaction ID) gets assigned randomly by the system  to identify the transaction."
"mtech-daas-unified-data.transaction.sls_prod_loc_day_txn_fact","sls_prod_loc_day_txn_fact","greg_dt","Gregorian Date : The date the transaction was billed to the customer.The format for date selection is 'yyyy-mm-dd'."
"mtech-daas-unified-data.transaction.sls_prod_loc_day_txn_fact","sls_prod_loc_day_txn_fact","rgstr_nbr","Register Number : A number assigned either to a point-of-sale (POS) physical terminal id on the selling floor, or to a Back Office reserved id, to indicate where this transaction originated in this division, location, register number, and day.Register numbers may be duplicated between locations and divisions."
"mtech-daas-unified-data.transaction.sls_prod_loc_day_txn_fact","sls_prod_loc_day_txn_fact","txn_nbr","Transaction Number : A unique number assigned to this transaction from this POS or back office reserved id, on this day in this division, location, register number , transaction number, and day . Transaction number is a unique system generated random number that is created for each transaction(transaction  example:Return/Cancel/Book/Ship)"
"mtech-daas-unified-data.transaction.sls_prod_loc_day_txn_fact","sls_prod_loc_day_txn_fact","prod_dim_id","Product Dimension Identification number : The PROD_DIM_ID is an 18 digit number created from the timestamp when the PROD_DIM row was created; it uniquely identifies each product in each division of the company. Multiple SKU_UPC_NBR's can and do exist for a single Dept/Vendor/Mkst/Color/Size. Therefore, PROD_DIM_ID must be added to ensure that duplicates will not occur."
"mtech-daas-unified-data.transaction.sls_prod_loc_day_txn_fact","sls_prod_loc_day_txn_fact","stt_divn_nbr","Division Number : The operating division / company for this transaction."
"mtech-daas-unified-data.transaction.sls_prod_loc_day_txn_fact","sls_prod_loc_day_txn_fact","stt_zl_str_nbr","Store number where transaction happens or the sales was rung : (1) For <customer>'s most online transactions go to ringing location 222 ,  but Market Place goes to ringing location 130 (2) For Bloomingdales, most online transaction go to ringing location 93, but Market Place goes to ringing location 130  (3) For RDS (big ticket) transactions processed on line go directly to location 129 in both operating divisions."
"mtech-daas-unified-data.transaction.sls_prod_loc_day_txn_fact","sls_prod_loc_day_txn_fact","stt_crdt_zl_str_nbr","Central ring store number : The central ring location number; this indicates what location gets the sale/return credit. If this column is zero, the sales credit goes to the store number in the STT_ZL_STORE_NBR field.  (1) For <customer>'s most online transactions credit goes to 129 ,  but Market Place goes to ringing location 130  (2) For Bloomingdales, most transactions credit goes to 129 , but Market Place goes to ringing location 130  (3) For RDS (big ticket) transactions processed on line go directly to location 129 in both operating divisions."
"mtech-daas-unified-data.transaction.sls_prod_loc_day_txn_fact","sls_prod_loc_day_txn_fact","stt_loc_dim_id","A dimension of STT and LOC_DIM_ID : A dimension assigned to provide part of a unique key, used to later join various detailed sales tables. The STT_LOC_DIM_ID represents the Central Ring location for a dot com sale, and represents the physical location for a store ('bricks') sale transaction.  (1) The location dimension for MCOM is 930 vs BCOM location is 977  (2) The location dimension for <customer>'s Marketplace is11142  vs Bloomingdales Marketplace is11144"
"mtech-daas-unified-data.transaction.sls_prod_loc_day_txn_fact","sls_prod_loc_day_txn_fact","loc_dim_id","Location Dimension Identifier : A dimension assigned to provide location dimension id."
"mtech-daas-unified-data.transaction.sls_prod_loc_day_txn_fact","sls_prod_loc_day_txn_fact","divn_nbr","Division Number : The operating division / company for this transaction."
"mtech-daas-unified-data.transaction.sls_prod_loc_day_txn_fact","sls_prod_loc_day_txn_fact","zl_str_nbr","Legacy Store Number : The 'ZL' fields were used for user facing screens and reports"
"mtech-daas-unified-data.transaction.sls_prod_loc_day_txn_fact","sls_prod_loc_day_txn_fact","crdt_zl_str_nbr","Legacy Central ring store number : The 'ZL' fields were used for user facing screens and reports"
"mtech-daas-unified-data.transaction.sls_prod_loc_day_txn_fact","sls_prod_loc_day_txn_fact","dept_nbr","Department Number where a product belongs : The department number for this UPC at the time of the sale transaction."
"mtech-daas-unified-data.transaction.sls_prod_loc_day_txn_fact","sls_prod_loc_day_txn_fact","sls_merch_amt","Sales Merchandise Amount : The extended (quantity x price) line item sold amount before point-of-sale discounts are applied, except for dotcom / RDS items that are net."
"mtech-daas-unified-data.transaction.sls_prod_loc_day_txn_fact","sls_prod_loc_day_txn_fact","sls_merch_disc","Sales Merchandise Discount : The amount of point-of-sale discounts applied to this item on this transaction on this day  at this location."
"mtech-daas-unified-data.transaction.sls_prod_loc_day_txn_fact","sls_prod_loc_day_txn_fact","sls_assoc_disc","Sales Associate Discount : The amount of colleague / associate discounts applied to this item in the Back Office"
"mtech-daas-unified-data.transaction.sls_prod_loc_day_txn_fact","sls_prod_loc_day_txn_fact","sls_bomd_loyal_disc","Sales Back Office Markdown Loyalty Discount : The amount of Back Office Markdown Loyalty Discounts as calculated by the back office systems, in dollars and cents, for this transaction."
"mtech-daas-unified-data.transaction.sls_prod_loc_day_txn_fact","sls_prod_loc_day_txn_fact","sls_sbomd_loyal_disc","Sales Special Back Office Markdown Loyalty Discount : The amount of Special Back Office Markdown Loyalty Discounts as calculated by the back office systems, in dollars and cents, for this transaction."
"mtech-daas-unified-data.transaction.sls_prod_loc_day_txn_fact","sls_prod_loc_day_txn_fact","sls_adj","Sales Adjustments : The dollar amount of sales adjustments for this transaction."
"mtech-daas-unified-data.transaction.sls_prod_loc_day_txn_fact","sls_prod_loc_day_txn_fact","sls_unit","Sales Units : Units that are sold for each product on this transaction"
"mtech-daas-unified-data.transaction.sls_prod_loc_day_txn_fact","sls_prod_loc_day_txn_fact","rtrn_merch_amt","Return Merchandise Amount : The extended (quantity x price) line item returned amount before point-of-sale discounts are applied, except for dotcom /RDS items that are net"
"mtech-daas-unified-data.transaction.sls_prod_loc_day_txn_fact","sls_prod_loc_day_txn_fact","rtrn_merch_disc","Return Merchandise Discount : The original line item discount amount being reversed."
"mtech-daas-unified-data.transaction.sls_prod_loc_day_txn_fact","sls_prod_loc_day_txn_fact","rtrn_assoc_disc","Return Associate Discount : The amount of colleague / associate discounts applied to this returned item in the Back Office tied to an original sale"
"mtech-daas-unified-data.transaction.sls_prod_loc_day_txn_fact","sls_prod_loc_day_txn_fact","rtrn_bomd_loyal_disc","Return Back Office Markdown Loyalty Discount : Calculated by the back office systems, in dollars and cents, for thistransaction tied to an original sale. New charge accounts are a source of this discount."
"mtech-daas-unified-data.transaction.sls_prod_loc_day_txn_fact","sls_prod_loc_day_txn_fact","rtrn_sbomd_loyal_disc","Return Special Back Office Markdown Loyalty Discount : The return adjustment dollars tied to an original sale."
"mtech-daas-unified-data.transaction.sls_prod_loc_day_txn_fact","sls_prod_loc_day_txn_fact","rtrn_adj","Return Adjustment : The return adjustment dollars tied to an original sale."
"mtech-daas-unified-data.transaction.sls_prod_loc_day_txn_fact","sls_prod_loc_day_txn_fact","rtrn_unit","Return Units : The returned units tied to the original sale"
"mtech-daas-unified-data.transaction.sls_prod_loc_day_txn_fact","sls_prod_loc_day_txn_fact","item_last_cost","Item Last Cost : The item's most recent cost. Represented in dollars/cents."
"mtech-daas-unified-data.transaction.sls_prod_loc_day_txn_fact","sls_prod_loc_day_txn_fact","last_upd_nbr","Last Update number : The last date / time a row was updated.The value is zero unless the row was updated."
"mtech-daas-unified-data.transaction.sls_prod_loc_day_txn_fact","sls_prod_loc_day_txn_fact","rgstr_id","Register ID : A value applied to a sales transaction to indicate it's origin. 
Common values include:
 FF = FedFIL transactions will no longer use this code if processed through the central server.
AL=Aloha Restaurant
FB=Back Office Markdown
RD=RDS Transactions
ZM=Zoom Kiosks
SP=SmartPOS
FA=Full Screen
LY=My <customer>s Loyalty Rewards Markdowns
FP= Pre-Sell
MR=Micros Restaurant
BR=Bridal Automated Markdowns"
"mtech-daas-unified-data.transaction.sls_prod_loc_day_txn_fact","sls_prod_loc_day_txn_fact","ocd_cd","Omni Channel Dimension Code : A number initially assigned to each item sold to identify how the customer purchased merchandise and how the merchandise was fulfilled."
"mtech-daas-unified-data.transaction.sls_prod_loc_day_txn_fact","sls_prod_loc_day_txn_fact","congry_val","Congruency Value"
"mtech-daas-unified-data.transaction.sls_prod_loc_day_txn_fact","sls_prod_loc_day_txn_fact","prc_loc_nbr","Price Location Number : The division or the pricing region assigned to this row."
"mtech-daas-unified-data.transaction.sls_prod_loc_day_txn_fact","sls_prod_loc_day_txn_fact","tkt_rtl","Ticket Retail/Current ticket price : Value of Merchandise that <customer>'s Inc. currently sells a product. It is the price that a customer will pay for a product at the door when it is not on sale."
"mtech-daas-unified-data.transaction.sls_prod_loc_day_txn_fact","sls_prod_loc_day_txn_fact","own_rtl","Owned Retail : Value of Merchandise that <customer>'s Inc. currently own a product from accounting perspective."
"mtech-daas-unified-data.transaction.sls_prod_loc_day_txn_fact","sls_prod_loc_day_txn_fact","zl_stat_nbr","Price Status : The markdown status from the Item or Basic Record."
"mtech-daas-unified-data.transaction.sls_prod_loc_day_txn_fact","sls_prod_loc_day_txn_fact","fil_prc_loc_nbr","Fulfillment Price Location Number : The division or the pricing region assigned to this row."
"mtech-daas-unified-data.transaction.sls_prod_loc_day_txn_fact","sls_prod_loc_day_txn_fact","fil_zl_stat_nbr",""
"mtech-daas-unified-data.transaction.sls_prod_loc_day_txn_fact","sls_prod_loc_day_txn_fact","ocd_loc_typ","Attribute Abbreviation for selling location : The abbreviation of the attribute type description of the attribute type number."
"mtech-daas-unified-data.transaction.sls_prod_loc_day_txn_fact","sls_prod_loc_day_txn_fact","fil_ocd_loc_typ","Attribute Abbreviation for Fulfillment location : The abbreviation of the attribute type description of the attribute type number."
"mtech-daas-unified-data.transaction.sls_prod_loc_day_txn_fact","sls_prod_loc_day_txn_fact","rplnsh_flg","Replenishment Flag : A lookup flag that indicates if a product needs to be stocked up/reordered by location during any transaction event."
"mtech-daas-unified-data.transaction.sls_prod_loc_day_txn_fact","sls_prod_loc_day_txn_fact","rplnsh_rplcmnt_sku_flg","Replenishment Replacement SKU Flag"
"mtech-daas-unified-data.transaction.sls_prod_loc_day_txn_fact","sls_prod_loc_day_txn_fact","rplnsh_flg_src",""
"mtech-daas-unified-data.transaction.sls_prod_loc_day_txn_fact","sls_prod_loc_day_txn_fact","fil_rplnsh_flg","FIL Replenishment Flag"
"mtech-daas-unified-data.transaction.sls_prod_loc_day_txn_fact","sls_prod_loc_day_txn_fact","fil_rplnsh_rplcmnt_sku_flg","FIL Replenishment Replacement SKU Flag"
"mtech-daas-unified-data.transaction.sls_prod_loc_day_txn_fact","sls_prod_loc_day_txn_fact","fil_rplnsh_flg_src","FIL Replenishment Flag Source"
"mtech-daas-unified-data.transaction.sls_prod_loc_day_txn_fact","sls_prod_loc_day_txn_fact","ocd_err_cd",""
"mtech-daas-unified-data.transaction.sls_prod_loc_day_txn_fact","sls_prod_loc_day_txn_fact","awc","Average Weighted Cost : Average Weighted Cost is the style level cost tracked over time, which updates as the cost increases/decreases due to negotiated discounts or price increases AWC cannot be reduced with Markdown."
"mtech-daas-unified-data.transaction.sls_prod_loc_day_txn_fact","sls_prod_loc_day_txn_fact","item_frst_tkt_rtl","First Ticket Retail : Value of the Merchandise that <customer>'s Inc. initially decides to sell a product. It is the manufacturer suggested retail price at which the product is first introduced in the market for selling."
"mtech-daas-unified-data.transaction.sls_prod_loc_day_txn_fact","sls_prod_loc_day_txn_fact","penny_ind","Penny Indicator : A code that indicates a liquidation (penny) status of products based on the product retail value. Penny merchandise are products that are valued at 2 cents or less."
"mtech-daas-unified-data.transaction.sls_prod_loc_day_txn_fact","sls_prod_loc_day_txn_fact","penny_flg","Penny Flag : A lookup flag that indicates if a product is valued at a penny or not."
"mtech-daas-unified-data.transaction.sls_prod_loc_day_txn_fact","sls_prod_loc_day_txn_fact","gross_sls_amt","Gross Sales Amount : Sales merchandise amount, sales discounts and adjustments, in dollars / cents for this level of transaction. Returns are not used in this calculation"
"mtech-daas-unified-data.transaction.sls_prod_loc_day_txn_fact","sls_prod_loc_day_txn_fact","gross_rtrn_amt","Gross Returns Amount : Return merchandise amount,  return discounts and adjustments, in dollars / cents for this level of transaction. Sales are not used in this calculation"
"mtech-daas-unified-data.transaction.sls_prod_loc_day_txn_fact","sls_prod_loc_day_txn_fact","net_sls_amt","Net Sales Amount at Transaction Level : The net of Gross Sales and Gross Returns in dollars."
"mtech-daas-unified-data.transaction.sls_prod_loc_day_txn_fact","sls_prod_loc_day_txn_fact","net_sls_unit","Net Sales Units at Transaction Level : The net of Gross Sales and Gross Returns in units"
"mtech-daas-unified-data.transaction.sls_prod_loc_day_txn_fact","sls_prod_loc_day_txn_fact","sls_loyal_disc","Sales Loyalty Discount : The combined Sale Loyalty Back Office Markdowns and Sale Special Back Office Markdowns."
"mtech-daas-unified-data.transaction.sls_prod_loc_day_txn_fact","sls_prod_loc_day_txn_fact","rtrn_loyal_disc","Return Loyalty Discount : The combined Return Loyalty Back Office Markdowns and Return Special Back Office Markdowns, representing the total loyalty discounts returned"
"mtech-daas-unified-data.transaction.sls_prod_loc_day_txn_fact","sls_prod_loc_day_txn_fact","frst_tkt_net_sls_amt","First Ticket Net Sales Amount : The initial retail price for all net quantity of units sold during this transaction, on this specific day, at this location, for this particular product."
"mtech-daas-unified-data.transaction.sls_prod_loc_day_txn_fact","sls_prod_loc_day_txn_fact","net_sls_cost_amt","Net Sales Cost Amount : Cost associated with net quantity of units sold during this transaction, on this specific day, at this location, for this particular product."
"mtech-daas-unified-data.transaction.sls_prod_loc_day_txn_fact","sls_prod_loc_day_txn_fact","tot_disc_amt","Total Discount Amount : Discount amount for merchandise sold on a given transaction day for a given time frame."
"mtech-daas-unified-data.transaction.fin_sls_pln_loc_day_fact","fin_sls_pln_loc_day_fact","divn_nbr","Operating Division Nbr"
"mtech-daas-unified-data.transaction.fin_sls_pln_loc_day_fact","fin_sls_pln_loc_day_fact","amc_year","AMC Year"
"mtech-daas-unified-data.transaction.fin_sls_pln_loc_day_fact","fin_sls_pln_loc_day_fact","amc_season","AMC Season"
"mtech-daas-unified-data.transaction.fin_sls_pln_loc_day_fact","fin_sls_pln_loc_day_fact","amc_period","AMC Period"
"mtech-daas-unified-data.transaction.fin_sls_pln_loc_day_fact","fin_sls_pln_loc_day_fact","amc_week","AMC Week"
"mtech-daas-unified-data.transaction.fin_sls_pln_loc_day_fact","fin_sls_pln_loc_day_fact","amc_day","AMC Day"
"mtech-daas-unified-data.transaction.fin_sls_pln_loc_day_fact","fin_sls_pln_loc_day_fact","greg_dt","Gregarion Date"
"mtech-daas-unified-data.transaction.fin_sls_pln_loc_day_fact","fin_sls_pln_loc_day_fact","loc_dim_id","Location Dimension ID"
"mtech-daas-unified-data.transaction.fin_sls_pln_loc_day_fact","fin_sls_pln_loc_day_fact","zl_str_nbr","Legacy Store Nbr"
"mtech-daas-unified-data.transaction.fin_sls_pln_loc_day_fact","fin_sls_pln_loc_day_fact","zl_divn_nbr","Legacy Operating Divisino Nbr"
"mtech-daas-unified-data.transaction.fin_sls_pln_loc_day_fact","fin_sls_pln_loc_day_fact","pln_typ","Plan Type"
"mtech-daas-unified-data.transaction.fin_sls_pln_loc_day_fact","fin_sls_pln_loc_day_fact","pln_typ_desc","Description whether the plan is owned , leased marketplace or total example: own = 1, lease = 5, 6 = total . For Blumercury hardcoded to 1 =OWN"
"mtech-daas-unified-data.transaction.fin_sls_pln_loc_day_fact","fin_sls_pln_loc_day_fact","pln_sls_amt","Plan Net Sales"
"mtech-daas-unified-data.transaction.div_dept_cl_loc_day_presell_fact","div_dept_cl_loc_day_presell_fact","divn_nbr","Operating Division Number-The operating division / company for this transaction. The division values are 12 (<customer>'s) & 13 (Bloomingdales)"
"mtech-daas-unified-data.transaction.div_dept_cl_loc_day_presell_fact","div_dept_cl_loc_day_presell_fact","greg_dt","Gregorian Date -The date the transaction was recorded as a non-financial pre-sale to the customer or as a Pre-Sale Cancel."
"mtech-daas-unified-data.transaction.div_dept_cl_loc_day_presell_fact","div_dept_cl_loc_day_presell_fact","dept_nbr","Department Number-The department number for this UPC at the time of the sale transaction. It denotes the presell department numbers for both small ticket and big ticket."
"mtech-daas-unified-data.transaction.div_dept_cl_loc_day_presell_fact","div_dept_cl_loc_day_presell_fact","loc_dim_id","Location Dimension Identification number-The unique ID number assigned to the location"
"mtech-daas-unified-data.transaction.div_dept_cl_loc_day_presell_fact","div_dept_cl_loc_day_presell_fact","zl_class_nbr","Class Number-The class within a department assigned to this product dimension"
"mtech-daas-unified-data.transaction.div_dept_cl_loc_day_presell_fact","div_dept_cl_loc_day_presell_fact","zl_str_nbr","Store Number- The store number for this row indicating where the sales was rung."
"mtech-daas-unified-data.transaction.div_dept_cl_loc_day_presell_fact","div_dept_cl_loc_day_presell_fact","presell_init_amt","Presell Initial -Refers to a transaction in which a customer makes a purchase for a future date. It is the stage before any cancellations occur. Pre-orders have not been processed financially yet, and this applies to sales specific to a store. The value can be expressed in both units and dollars. This is after the Point of Sale Discounts, Perms, and Coupon discounts and prior to back office  and colleague discounts."
"mtech-daas-unified-data.transaction.div_dept_cl_loc_day_presell_fact","div_dept_cl_loc_day_presell_fact","presell_net_amt","Presell Net (WRTSUM)-This value represents both the small ticket and big ticket presell Net .
Presell Net refers to any transaction where a customer makes a purchase for a future date. It is the stage after all cancellations are removed.  Cancellations occur on the day of the cancellations.Pre-orders have not been financially processed yet, and this applies to store specific sales. The value can be expressed in both units and dollars."
"mtech-daas-unified-data.transaction.div_dept_cl_loc_day_presell_fact","div_dept_cl_loc_day_presell_fact","cncl_amt","Presell Cancel Amount-This value represents the presale cancel amount for the small ticket transactions. This column is a place holder column and  not used for calculating the Presell Net(WRTSUM). Not populating big ticket cancel amount"
"mtech-daas-unified-data.transaction.str_traffic_txn_day_fact","str_traffic_txn_day_fact","greg_dt","Gregorian Date - Date on which the transaction was made."
"mtech-daas-unified-data.transaction.str_traffic_txn_day_fact","str_traffic_txn_day_fact","divn_nbr","Division Number - Operating division number:"
"mtech-daas-unified-data.transaction.str_traffic_txn_day_fact","str_traffic_txn_day_fact","gross_sls_amt","Gross Sales Amount - Total Store gross sales prior to returns for current year. This includes the loyalty markdowns and all discounts. Includes only selling store locations in operating divisions(MCY & MBKS combined) and (BLM &BOS Combined). This is true gross sales for current year.It is for Owned,Leased & Marketplace"
"mtech-daas-unified-data.transaction.str_traffic_txn_day_fact","str_traffic_txn_day_fact","fleet_traffic","Store Fleet Traffic - Total Store fleet Traffic for the current year for all selling locations. This represents the number of footsteps in a store for current year
For MCY Stores-It represents grossed-up/extrapolated  fleet Traffic for the current year. It is calculated by extrapolating store traffic for all selling locations based on 2025 traffic comp logic. This extrapolation aims to project the total traffic for the entire fleet, even if traffic data is only available for a subset of locations.

For BLM Stores- this represents the actual total store fleet traffic for the current year. The data is sourced directly from RetailNext, as all Bloomingdale's stores have cameras that generate traffic data."
"mtech-daas-unified-data.transaction.str_traffic_txn_day_fact","str_traffic_txn_day_fact","txn","Net Positive Sale Transaction for stores - Number of purchase transactions for current year where unit quantity is greater than zero. This includes transactions with net_sls_amt>.02, and excludes audit adjustment transactions, Gift with Purchase (GWP) and restaurants .This is true store transaction for all selling locations in the current year."
"mtech-daas-unified-data.transaction.str_traffic_txn_day_fact","str_traffic_txn_day_fact","gross_sls_unit","Gross Sales Units  - Numbersof units sold for current year.Units with sales values >0 for current year,Includes only selling store locations.Excludes GWP & penny units"
"mtech-daas-unified-data.transaction.str_traffic_txn_day_fact","str_traffic_txn_day_fact","gross_sls_amt_ly","Gross Sales Amount for Previous Year - Total Store gross sales prior to returns for previous year. This includes the loyalty markdowns and all discounts. Includes only selling store locations in operating divisions(MCY & MBKS combined) and (BLM &BOS Combined). This is true gross sales for previous year.It is for Owned,Leased & Marketplace"
"mtech-daas-unified-data.transaction.str_traffic_txn_day_fact","str_traffic_txn_day_fact","fleet_traffic_ly","Store Fleet Traffic for Previous Year - Total Store fleet Traffic for the previous year for all selling locations. This represents the number of footsteps in a store for previous year
For MCY Stores-It represents grossed-up/extrapolated  fleet Traffic for the previous year. It is calculated by extrapolating store traffic for all selling locations based on 2025 traffic comp logic. This extrapolation aims to project the total traffic for the entire fleet, even if data is only available for a subset of locations.

For BLM Stores- this represents the actual total store fleet traffic for the previous year. The data is sourced directly from RetailNext, as all Bloomingdale's stores have cameras that generate traffic data."
"mtech-daas-unified-data.transaction.str_traffic_txn_day_fact","str_traffic_txn_day_fact","txn_ly","Net Positive Sale Transaction for stores for Previous Year - Number of purchase transactions forprevious year where unit quantity is greater than zero. This includes transactions with net_sls_amt>.02, and excludes audit adjustment transactions,Gift with Purchase (GWP) and restaurants.This is true store transaction for all selling locations in the previous year."
"mtech-daas-unified-data.transaction.str_traffic_txn_day_fact","str_traffic_txn_day_fact","gross_sls_unit_ly","Gross Sale units for Previous Year - Numbers of units sold for previous year.Units with sales values >0 for current year,Includes only selling store locations.Excludes GWP & penny units"
"mtech-daas-unified-data.transaction.str_traffic_txn_day_fact","str_traffic_txn_day_fact","gross_sls_amt_pln","Gross Sales Plan Amount - Plan Amount for Gross Sales. Gross Sales plans exist for MCYs.There are no gross sales plan amount for BLM."
"mtech-daas-unified-data.transaction.str_traffic_txn_day_fact","str_traffic_txn_day_fact","traffic_pln","Traffic Plan - Plan for the Traffic. Store Traffic plans exist for MCYs.
 There are no store traffic plans for BLM."
"mtech-daas-unified-data.transaction.str_traffic_txn_day_fact","str_traffic_txn_day_fact","gross_sls_unit_pln","Number of Units Plan - Plan for units sold .Store unit plans exist for MCYs.
There are no store unit plans for BLM."
"mtech-daas-unified-data.transaction.str_traffic_txn_day_fact","str_traffic_txn_day_fact","txn_pln","Transaction Plan - Plan for Transactions. Store transaction plans exist for MCYs..There are no store transaction plans for BLM."
"mtech-daas-unified-data.transaction.str_traffic_txn_day_fact","str_traffic_txn_day_fact","gross_sls_amt_rof","Gross Sales Forecast Amount  - Forecast Amount for Gross Sales.Store gross sales forecast exist for MCYs.There are no store gross sales forecast for BLM."
"mtech-daas-unified-data.transaction.str_traffic_txn_day_fact","str_traffic_txn_day_fact","traffic_rof","Traffic Forecast - Forecast for Traffic.Store traffic forecast exist for MCYs.There are no store traffic forecast for BLM."
"mtech-daas-unified-data.transaction.str_traffic_txn_day_fact","str_traffic_txn_day_fact","gross_sls_unit_rof","Number of  Units Forecast - Forecast for units sold . Store unit forecast exist for MCYs.
There are no store units forecast for BLM."
"mtech-daas-unified-data.transaction.str_traffic_txn_day_fact","str_traffic_txn_day_fact","txn_rof","Transaction Forecast - Forecast for Transaction.Store transaction forecast exist for MCYs.
There are no store transaction forecast for BLM."
"mtech-daas-unified-data.transaction.resv_prod_loc_dmd_cnfrm_sls_fact","resv_prod_loc_dmd_cnfrm_sls_fact","divn_nbr","Division Number-Operating Division Number
MCY = 12 / 72; BLM = 13 / 72"
"mtech-daas-unified-data.transaction.resv_prod_loc_dmd_cnfrm_sls_fact","resv_prod_loc_dmd_cnfrm_sls_fact","resv_nbr","Small Ticket Reservation Number-Reservation Number for small ticket orders"
"mtech-daas-unified-data.transaction.resv_prod_loc_dmd_cnfrm_sls_fact","resv_prod_loc_dmd_cnfrm_sls_fact","resv_nbr_bt","Big Ticket Reservation Number-RDS Reservation Number for big ticket orders"
"mtech-daas-unified-data.transaction.resv_prod_loc_dmd_cnfrm_sls_fact","resv_prod_loc_dmd_cnfrm_sls_fact","shp_nbr_bt","Big Ticket Shipment Number-RDS Shipment Number for big ticket orders, which currently does not exist and will be null."
"mtech-daas-unified-data.transaction.resv_prod_loc_dmd_cnfrm_sls_fact","resv_prod_loc_dmd_cnfrm_sls_fact","shp_nbr","Small Ticket Shipment Number-Shipment Number for small ticket orders"
"mtech-daas-unified-data.transaction.resv_prod_loc_dmd_cnfrm_sls_fact","resv_prod_loc_dmd_cnfrm_sls_fact","sls_prod_dim_id","Sales Product Dimension ID-Product identifier for the products included in the transaction"
"mtech-daas-unified-data.transaction.resv_prod_loc_dmd_cnfrm_sls_fact","resv_prod_loc_dmd_cnfrm_sls_fact","sls_loc_dim_id","Sales Location Dimension ID-Location identifier for the location where the sales transaction originated"
"mtech-daas-unified-data.transaction.resv_prod_loc_dmd_cnfrm_sls_fact","resv_prod_loc_dmd_cnfrm_sls_fact","fil_loc_dim_id","Fill Location Dimension ID'-Location identifier for the location where the products in a transaction were fulfilled from"
"mtech-daas-unified-data.transaction.resv_prod_loc_dmd_cnfrm_sls_fact","resv_prod_loc_dmd_cnfrm_sls_fact","dmd_dt","Date of Demand Initially Placed-Date on which an order was first created"
"mtech-daas-unified-data.transaction.resv_prod_loc_dmd_cnfrm_sls_fact","resv_prod_loc_dmd_cnfrm_sls_fact","cncl_dt","Order cancel date-Date on which an order was cancelled"
"mtech-daas-unified-data.transaction.resv_prod_loc_dmd_cnfrm_sls_fact","resv_prod_loc_dmd_cnfrm_sls_fact","shp_dt","Shipped date-Date on which an item in an order was shipped"
"mtech-daas-unified-data.transaction.resv_prod_loc_dmd_cnfrm_sls_fact","resv_prod_loc_dmd_cnfrm_sls_fact","appl_id","Application ID-Identifies the originating source of launched application"
"mtech-daas-unified-data.transaction.resv_prod_loc_dmd_cnfrm_sls_fact","resv_prod_loc_dmd_cnfrm_sls_fact","penny_ind","Penny Unit Indicator-A code that indicates a liquidation (penny) status of products. Penny merchandise are products that are valued at 2 cents or less. 
For small ticket, 0-8 = penny unit, 9 = everything else.  
For big ticket, 2 = penny unit, 9  everything else."
"mtech-daas-unified-data.transaction.resv_prod_loc_dmd_cnfrm_sls_fact","resv_prod_loc_dmd_cnfrm_sls_fact","penny_flg","Penny Flag-A lookup flag that indicates if a product is valued at a penny or not.  Use this column to remove penny units from the corresponding unit columns. 
For small ticket, when penny_ind is either 0, 1, 2, 8 then penny_flg is 'Y' and 9 is 'N'.
For big ticket, when penny_ind = 2 then penny_flg is 'Y' ELSE 'N'."
"mtech-daas-unified-data.transaction.resv_prod_loc_dmd_cnfrm_sls_fact","resv_prod_loc_dmd_cnfrm_sls_fact","init_dmd_amt","Initial Demand Amount-Initial Demand Amount for all customer orders which are checked out in website prior remorse / fraud check window.  
For big ticket, this will be same as Demand Amount."
"mtech-daas-unified-data.transaction.resv_prod_loc_dmd_cnfrm_sls_fact","resv_prod_loc_dmd_cnfrm_sls_fact","init_dmd_unit","Initial Demand Units-Initial Demand Amount for all customer orders which are checked out in website prior remorse / fraud check window.  
For big ticket, this will be same as Demand Amount."
"mtech-daas-unified-data.transaction.resv_prod_loc_dmd_cnfrm_sls_fact","resv_prod_loc_dmd_cnfrm_sls_fact","dmd_unit","Demand Units-Demand Units of COM Orders made by customers after remorse / fraud check window. ESEND is not part of COM orders and should be excluded here. Use appl_id to exclude ESEND for respective Divisions."
"mtech-daas-unified-data.transaction.resv_prod_loc_dmd_cnfrm_sls_fact","resv_prod_loc_dmd_cnfrm_sls_fact","dmd_amt","Demand Amount-Demand Amount of COM Orders made by customers after remorse/fraud check window. ESEND is not part of COM orders and should be excluded here. Use appl_id to exclude ESEND for respective Divisions."
"mtech-daas-unified-data.transaction.resv_prod_loc_dmd_cnfrm_sls_fact","resv_prod_loc_dmd_cnfrm_sls_fact","cncl_amt","Total Cancellation Amount-Demand Amount that has been cancelled"
"mtech-daas-unified-data.transaction.resv_prod_loc_dmd_cnfrm_sls_fact","resv_prod_loc_dmd_cnfrm_sls_fact","cncl_unit","Total Cancellation Units-Demand Units that have been cancelled"
"mtech-daas-unified-data.transaction.resv_prod_loc_dmd_cnfrm_sls_fact","resv_prod_loc_dmd_cnfrm_sls_fact","shp_amt","Shipped Amount-Demand Amount that has been fulfilled or shipped"
"mtech-daas-unified-data.transaction.resv_prod_loc_dmd_cnfrm_sls_fact","resv_prod_loc_dmd_cnfrm_sls_fact","shp_unit","Shipped Units-Demand Units that have been fulfilled or shipped"
"mtech-daas-unified-data.transaction.resv_prod_loc_dmd_cnfrm_sls_fact","resv_prod_loc_dmd_cnfrm_sls_fact","cnfrm_sls_amt","Confirmed Sales Amount-Demand Amount excluding Total Cancellation Amount"
"mtech-daas-unified-data.transaction.resv_prod_loc_dmd_cnfrm_sls_fact","resv_prod_loc_dmd_cnfrm_sls_fact","cnfrm_sls_unit","Confirmed Sales Units-Demand Units excluding Total Cancellation Units"
"mtech-daas-unified-data.transaction.resv_prod_loc_dmd_cnfrm_sls_fact","resv_prod_loc_dmd_cnfrm_sls_fact","open_to_shp_amt","Demand Open to Ship Amt-Demand Amount that is yet to be shipped"
"mtech-daas-unified-data.transaction.resv_prod_loc_dmd_cnfrm_sls_fact","resv_prod_loc_dmd_cnfrm_sls_fact","open_to_shp_unit","Demand Open to Ship Units-Demand Units that are yet to be shipped"
"mtech-daas-unified-data.transaction.resv_prod_loc_dmd_cnfrm_sls_fact","resv_prod_loc_dmd_cnfrm_sls_fact","dept_nbr","Department Number-Department Number assigned to the product"
"mtech-daas-unified-data.transaction.dcr_pos_sls_loc_hh_fact","dcr_pos_sls_loc_hh_fact","divn_nbr","Operating Division Number where the sale originated"
"mtech-daas-unified-data.transaction.dcr_pos_sls_loc_hh_fact","dcr_pos_sls_loc_hh_fact","greg_dt","Date when sale occurred"
"mtech-daas-unified-data.transaction.dcr_pos_sls_loc_hh_fact","dcr_pos_sls_loc_hh_fact","hh","Hour when sale occurred"
"mtech-daas-unified-data.transaction.dcr_pos_sls_loc_hh_fact","dcr_pos_sls_loc_hh_fact","loc_dim_id","Location Dimension ID where the sale occurred"
"mtech-daas-unified-data.transaction.dcr_pos_sls_loc_hh_fact","dcr_pos_sls_loc_hh_fact","zl_store_nbr","Legacy store number where sale occurred"
"mtech-daas-unified-data.transaction.dcr_pos_sls_loc_hh_fact","dcr_pos_sls_loc_hh_fact","locn_name","Name of the store where the sale occurred"
"mtech-daas-unified-data.transaction.dcr_pos_sls_loc_hh_fact","dcr_pos_sls_loc_hh_fact","txn_cnt","Count of POS Transactions in the given date and hour"
"mtech-daas-unified-data.transaction.dcr_pos_sls_loc_hh_fact","dcr_pos_sls_loc_hh_fact","net_sls_amt","Summary of Total Sales Amount including returns and discounts before tax is applied for any given hour of the day"
"mtech-daas-unified-data.transaction.fin_sls_dept_cls_loc_day_fact","fin_sls_dept_cls_loc_day_fact","greg_dt","Calendar Date of Financial Transaction"
"mtech-daas-unified-data.transaction.fin_sls_dept_cls_loc_day_fact","fin_sls_dept_cls_loc_day_fact","loc_dim_id","Location Dimension ID"
"mtech-daas-unified-data.transaction.fin_sls_dept_cls_loc_day_fact","fin_sls_dept_cls_loc_day_fact","dept_nbr","Department Number"
"mtech-daas-unified-data.transaction.fin_sls_dept_cls_loc_day_fact","fin_sls_dept_cls_loc_day_fact","divn_nbr","Operating Division Nbr"
"mtech-daas-unified-data.transaction.fin_sls_dept_cls_loc_day_fact","fin_sls_dept_cls_loc_day_fact","zl_class_nbr","Class Number"
"mtech-daas-unified-data.transaction.fin_sls_dept_cls_loc_day_fact","fin_sls_dept_cls_loc_day_fact","amc_year","AMC Year"
"mtech-daas-unified-data.transaction.fin_sls_dept_cls_loc_day_fact","fin_sls_dept_cls_loc_day_fact","amc_period","AMC Period"
"mtech-daas-unified-data.transaction.fin_sls_dept_cls_loc_day_fact","fin_sls_dept_cls_loc_day_fact","amc_week","AMC Week"
"mtech-daas-unified-data.transaction.fin_sls_dept_cls_loc_day_fact","fin_sls_dept_cls_loc_day_fact","amc_day","AMC Day"
"mtech-daas-unified-data.transaction.fin_sls_dept_cls_loc_day_fact","fin_sls_dept_cls_loc_day_fact","sls_audit_ind","Sales Audit Indicator"
"mtech-daas-unified-data.transaction.fin_sls_dept_cls_loc_day_fact","fin_sls_dept_cls_loc_day_fact","sls_amt","Dollar Amount for the units sold"
"mtech-daas-unified-data.transaction.fin_sls_dept_cls_loc_day_fact","fin_sls_dept_cls_loc_day_fact","sls_amt_adj","Sales Adjustment"
"mtech-daas-unified-data.transaction.fin_sls_dept_cls_loc_day_fact","fin_sls_dept_cls_loc_day_fact","rtrn_amt","Dollar Amount for the units returned"
"mtech-daas-unified-data.transaction.fin_sls_dept_cls_loc_day_fact","fin_sls_dept_cls_loc_day_fact","rtrn_amt_adj","Return Adjustment"
"mtech-daas-unified-data.transaction.fin_sls_dept_cls_loc_day_fact","fin_sls_dept_cls_loc_day_fact","sls_disc_amt","Colleague Discount Sales Amount"
"mtech-daas-unified-data.transaction.fin_sls_dept_cls_loc_day_fact","fin_sls_dept_cls_loc_day_fact","rtrn_disc_amt","Colleague Discount Return Amount"
"mtech-daas-unified-data.transaction.fin_sls_dept_cls_loc_day_fact","fin_sls_dept_cls_loc_day_fact","zl_str_nbr","Legacy Store Nbr"
"mtech-daas-unified-data.transaction.fin_sls_dept_cls_loc_day_fact","fin_sls_dept_cls_loc_day_fact","net_sls_amt","Financial Net Sales"
"mtech-daas-unified-data.transaction.fin_sls_dept_cls_loc_day_fact","fin_sls_dept_cls_loc_day_fact","gross_sls_amt","Financial Gross Sales"
"mtech-daas-unified-data.transaction.fin_sls_dept_cls_loc_day_fact","fin_sls_dept_cls_loc_day_fact","gross_rtrn_amt","Financial Gross Returns"
"mtech-daas-unified-data.transaction.merch_dept_pln_rof_day_fact","merch_dept_pln_rof_day_fact","greg_dt","Greg date"
"mtech-daas-unified-data.transaction.merch_dept_pln_rof_day_fact","merch_dept_pln_rof_day_fact","divn_nbr","Division number"
"mtech-daas-unified-data.transaction.merch_dept_pln_rof_day_fact","merch_dept_pln_rof_day_fact","dept_nbr","Department number"
"mtech-daas-unified-data.transaction.merch_dept_pln_rof_day_fact","merch_dept_pln_rof_day_fact","chnl_id","channel Id"
"mtech-daas-unified-data.transaction.merch_dept_pln_rof_day_fact","merch_dept_pln_rof_day_fact","chnl_desc","channel description"
"mtech-daas-unified-data.transaction.merch_dept_pln_rof_day_fact","merch_dept_pln_rof_day_fact","src","source"
"mtech-daas-unified-data.transaction.merch_dept_pln_rof_day_fact","merch_dept_pln_rof_day_fact","sls_pln_amt","Sales plan amount"
"mtech-daas-unified-data.transaction.merch_dept_pln_rof_day_fact","merch_dept_pln_rof_day_fact","sls_rof_amt","Sales ROF amount"
"mtech-daas-unified-data.transaction.merch_dept_pln_rof_day_fact","merch_dept_pln_rof_day_fact","tot_disc_pln","Total discount plan"
"mtech-daas-unified-data.transaction.merch_dept_pln_rof_day_fact","merch_dept_pln_rof_day_fact","tot_disc_rof","Total discount ROF"
"mtech-daas-unified-data.transaction.uop_ordevnts_dmd_sls_hh_fact","uop_ordevnts_dmd_sls_hh_fact","divn_nbr","Operating Division Number where the sale originated"
"mtech-daas-unified-data.transaction.uop_ordevnts_dmd_sls_hh_fact","uop_ordevnts_dmd_sls_hh_fact","sell_chnl_typ","Application or 3rd party order service where the order originated"
"mtech-daas-unified-data.transaction.uop_ordevnts_dmd_sls_hh_fact","uop_ordevnts_dmd_sls_hh_fact","subclient_id","Channel where sale originated"
"mtech-daas-unified-data.transaction.uop_ordevnts_dmd_sls_hh_fact","uop_ordevnts_dmd_sls_hh_fact","greg_dt","Date when sale originated"
"mtech-daas-unified-data.transaction.uop_ordevnts_dmd_sls_hh_fact","uop_ordevnts_dmd_sls_hh_fact","hh","Hour when sale originated"
"mtech-daas-unified-data.transaction.uop_ordevnts_dmd_sls_hh_fact","uop_ordevnts_dmd_sls_hh_fact","init_dmd_unit","Total sale line items sold in any given hour of the day"
"mtech-daas-unified-data.transaction.uop_ordevnts_dmd_sls_hh_fact","uop_ordevnts_dmd_sls_hh_fact","ord_cnt","Count of distinct orders in any given hour of the day"
"mtech-daas-unified-data.transaction.uop_ordevnts_dmd_sls_hh_fact","uop_ordevnts_dmd_sls_hh_fact","init_dmd_amt","Summary of the initial demand amount for customer orders checked out on the website for any given hour of the day, before tax and after applying online discounts"
"mtech-daas-unified-data.transaction.uop_ordevnts_dmd_sls_hh_fact","uop_ordevnts_dmd_sls_hh_fact","cpn_disc_amt","Summary of the discount amount applied to online orders placed in any given hour of the day"
"mtech-daas-unified-data.transaction.uop_ordevnts_dmd_sls_hh_fact","uop_ordevnts_dmd_sls_hh_fact","tax_amt","Summary of tax amount applied to online orders placed in any given hour of the day"
"mtech-daas-unified-data.transaction.fin_rof_loc_day_fact","fin_rof_loc_day_fact","rof_sls_amt","ROF Net Sales"
"mtech-daas-unified-data.transaction.fin_rof_loc_day_fact","fin_rof_loc_day_fact","greg_dt","Gregarion Date"
"mtech-daas-unified-data.transaction.fin_rof_loc_day_fact","fin_rof_loc_day_fact","amc_year","AMC Year"
"mtech-daas-unified-data.transaction.fin_rof_loc_day_fact","fin_rof_loc_day_fact","amc_season","AMC Season"
"mtech-daas-unified-data.transaction.fin_rof_loc_day_fact","fin_rof_loc_day_fact","amc_period","AMC Period"
"mtech-daas-unified-data.transaction.fin_rof_loc_day_fact","fin_rof_loc_day_fact","amc_week","AMC Week"
"mtech-daas-unified-data.transaction.fin_rof_loc_day_fact","fin_rof_loc_day_fact","amc_day","AMC Day"
"mtech-daas-unified-data.transaction.fin_rof_loc_day_fact","fin_rof_loc_day_fact","ol_typ","Ownership Level Type"
"mtech-daas-unified-data.transaction.fin_rof_loc_day_fact","fin_rof_loc_day_fact","col_typ","TBD"
"mtech-daas-unified-data.transaction.fin_rof_loc_day_fact","fin_rof_loc_day_fact","loc_dim_id","Location Dimension ID"
"mtech-daas-unified-data.transaction.dmd_pln_rof_cnfrm_dly_fact","dmd_pln_rof_cnfrm_dly_fact","divn_nbr","Division Number - Operating Division Number"
"mtech-daas-unified-data.transaction.dmd_pln_rof_cnfrm_dly_fact","dmd_pln_rof_cnfrm_dly_fact","greg_dt","Date in Gregarion Calendar - Date in Gregarion Calendar"
"mtech-daas-unified-data.transaction.dmd_pln_rof_cnfrm_dly_fact","dmd_pln_rof_cnfrm_dly_fact","dmd_pln_amt_olm","Demand  Plan Amount for Owned, Leased, Marketplace - Total Demand plan amount (Owned, Leased and Marketplace) with Big Ticket.
Bloomingdales  daily demand plans and  demand forecast are same at OLM level.Demand plans are only available for OL level."
"mtech-daas-unified-data.transaction.dmd_pln_rof_cnfrm_dly_fact","dmd_pln_rof_cnfrm_dly_fact","dmd_pln_amt_ol","Demand  Plan Amount for Owned, and Leased - Demand plan amount (Owned & Leased) with Big Ticket (BT) .
<customer>'s plan value excludes Marketplace. 
Bloomingdales plan value excludes Marketplace, and  BT .However, it is inclusive of BOPS ."
"mtech-daas-unified-data.transaction.dmd_pln_rof_cnfrm_dly_fact","dmd_pln_rof_cnfrm_dly_fact","dmd_pln_amt_mp","Demand  Plan Amount for Marketplace - Demand plan amount for  Marketplace  without Big Ticket.It exists for <customer>'s but Bloomingdales do not plan Demand  for Marketplace."
"mtech-daas-unified-data.transaction.dmd_pln_rof_cnfrm_dly_fact","dmd_pln_rof_cnfrm_dly_fact","dmd_pln_amt_bt","Demand   Plan Amount for Big Ticket - Demand plan amount for big ticket by location by day.
Exists only for Mcy's.Bloomingdales do not plan Big Ticket Demand seperately."
"mtech-daas-unified-data.transaction.dmd_pln_rof_cnfrm_dly_fact","dmd_pln_rof_cnfrm_dly_fact","dmd_pln_unit","Demand Plan Units - Total Demand plan units  (Owned, Leased and Marketplace) with Big Ticket.
Bloomingdales do not plan Demand Unit."
"mtech-daas-unified-data.transaction.dmd_pln_rof_cnfrm_dly_fact","dmd_pln_rof_cnfrm_dly_fact","dmd_rof_amt_olm","Demand Forecast Amount for Owned and Leased Marketplace - Total Demand forecast amount (Owned, Leased and Marketplace) with Big Ticket.
Bloomingdales  daily demand plans and  demand forecast are same at OLM level.BLM Demand forecast are only available for OL level."
"mtech-daas-unified-data.transaction.dmd_pln_rof_cnfrm_dly_fact","dmd_pln_rof_cnfrm_dly_fact","dmd_rof_amt_ol","Demand Forecast Amount for Owned and Leased - Demand forecast amount (Owned & Leased)  with Big Ticket .Forecast value excludes Marketplace. 
Bloomingdales do not have forecast Demand at OL Level."
"mtech-daas-unified-data.transaction.dmd_pln_rof_cnfrm_dly_fact","dmd_pln_rof_cnfrm_dly_fact","dmd_rof_amt_mp","Demand Forecast Amount for Marketplace - Demand forecast amount for <customer>'s Marketplace without Big Ticket.
Bloomingdales do not forecast Demand  at Marketplace."
"mtech-daas-unified-data.transaction.dmd_pln_rof_cnfrm_dly_fact","dmd_pln_rof_cnfrm_dly_fact","dmd_rof_amt_bt","Demand Forecast Amount for Big Ticket - Demand forecast amount for big ticket by location by day.
Exists ONLY for <customer>'s.
Bloomingdales do not forecast Big Ticket demand seperately."
"mtech-daas-unified-data.transaction.dmd_pln_rof_cnfrm_dly_fact","dmd_pln_rof_cnfrm_dly_fact","dmd_rof_unit","Demand Forecast Units - Total Forecast plan units  (Owned, Leased and Marketplace) with Big Ticket.
Bloomingdales do not forecast Demand Unit."
"mtech-daas-unified-data.transaction.dmd_pln_rof_cnfrm_dly_fact","dmd_pln_rof_cnfrm_dly_fact","cnfrm_sls_pln_amt_olm","Confirmed Sales Planned Amount for Owned and Leased Marketplace - Total Confirmed Sales plan amount (Owned, Leased and Marketplace) with Big Ticket.Not available for Bloomigdales.
BLM do not plan Confirmed Sales"
"mtech-daas-unified-data.transaction.dmd_pln_rof_cnfrm_dly_fact","dmd_pln_rof_cnfrm_dly_fact","cnfrm_sls_pln_amt_ol","Confirmed Sales Planned  Amount for Owned and Leased - Confirmed Sales plan amount (Owned & Leased) for <customer>'s with Big Ticket .Plan value excludes Marketplace
BLM do not plan Confirmed Sales"
"mtech-daas-unified-data.transaction.dmd_pln_rof_cnfrm_dly_fact","dmd_pln_rof_cnfrm_dly_fact","cnfrm_sls_pln_amt_mp","Confirmed Sales Planned Amount for Marketplace - Confirmed Sales plan amount for <customer>'s Marketplace without Big Ticket.
BLM do not plan Confirmed Sales"
"mtech-daas-unified-data.transaction.dmd_pln_rof_cnfrm_dly_fact","dmd_pln_rof_cnfrm_dly_fact","cnfrm_sls_rof_amt_olm","Confirmed Sales Forecast Amount for Owned and Leased Marketplace - Total Confirmed Sales forecast amount (Owned, Leased and Marketplace) with Big Ticket.Not available for Bloomigdales.
BLM do not forecast  Confirmed Sales"
"mtech-daas-unified-data.transaction.dmd_pln_rof_cnfrm_dly_fact","dmd_pln_rof_cnfrm_dly_fact","cnfrm_sls_rof_amt_ol","Confirmed Sales Forecast Amount for Owned and Leased - Confirmed Sales forecast amount (Owned & Leased) for <customer>'s with Big Ticket .Plan value excludes Marketplace
BLM do not forecast  Confirmed Sales"
"mtech-daas-unified-data.transaction.dmd_pln_rof_cnfrm_dly_fact","dmd_pln_rof_cnfrm_dly_fact","cnfrm_sls_rof_amt_mp","Confirmed Sales Forecast Amount for Marketplace - Confirmed sales forecast amount for <customer>'s Marketplace  without Big Ticket.
BLM do not forecast  Confirmed Sales"
"mtech-daas-unified-data.transaction.dmd_pln_rof_cnfrm_dly_fact","dmd_pln_rof_cnfrm_dly_fact","dmd_cncl_rof_amt_ol","Demand Cancel Forecast Amount for Owned and Leased Departments - Demand Cancel Forecast Amount for Owned and Leased Departments
Bloomingdales do not forecast Demand at Owned & Leased cancels."
"mtech-daas-unified-data.transaction.dmd_pln_rof_cnfrm_dly_fact","dmd_pln_rof_cnfrm_dly_fact","dmd_cncl_rof_amt_mp","Demand Cancel Forecast Amount for Marketplace Departments - Demand Cancel Forecast Amount for Marketplace Departments
Bloomingdales do not forecast Demand Marketplace cancels."
"mtech-daas-unified-data.transaction.dmd_pln_rof_cnfrm_dly_fact","dmd_pln_rof_cnfrm_dly_fact","dmd_cncl_rof_amt_olm","Demand Cancel Forecast Amount for Owned Leased and Marketplace Departments - Demand Cancel Forecast Amount for Owned Leased and Marketplace Departments
Bloomingdales do not forecast Demand  OLM cancels."
"mtech-daas-unified-data.transaction.dmd_pln_rof_cnfrm_dly_fact","dmd_pln_rof_cnfrm_dly_fact","dmd_cncl_pln_amt_ol","Demand Cancel Plan Amount for Owned and Leased Departments - Demand Cancel Plan Amount for Owned and Leased Departments
Bloomingdales do not plan Demand Owned & Leased cancels."
"mtech-daas-unified-data.transaction.dmd_pln_rof_cnfrm_dly_fact","dmd_pln_rof_cnfrm_dly_fact","dmd_cncl_pln_amt_mp","Demand Cancel Plan Amount for Marketplace Departments - Demand Cancel Plan Amount for Marketplace Departments
Bloomingdales do not plan Demand Marketplace cancels."
"mtech-daas-unified-data.transaction.dmd_pln_rof_cnfrm_dly_fact","dmd_pln_rof_cnfrm_dly_fact","dmd_cncl_pln_amt_olm","Demand Cancel Plan Amount for Owned Leased and Marketplace Departments - Demand Cancel Plan Amount for Owned Leased and Marketplace Departments"
